Tamanho,QuickSort,MergeSort,BubbleSort
10,0.000015,0.000022,0.000010
100,0.000087,0.000187,0.000484
1000,0.001394,0.002543,0.092590
10000,0.031333,0.069792,10.505609
50000,0.136239,0.273623,N/A
100000,0.291659,0.482412,N/A
500000,3.052387,3.582048,N/A
